scfa,fold,p_value,freq1,freq2,p.adj
SCFA,1.1633090464176001,5.537626627087956e-09,0.0386108182083324,0.03337139129016474,4.983863964379161e-08
Pyruvate,1.1670185130117163,0.000249834103376883,0.01429116281156754,0.012270972652639591,0.002248506930391947
Acetyl-CoA,1.0728621441869504,0.10983142170510096,0.012675835146837771,0.01182515087261458,0.9884827953459087
Acetate,0.8014185111997055,0.016417114627452295,0.0027370829874587754,0.0034129832001304843,0.14775403164707065
propionate,1.3890277792170558,0.06703689629806583,0.0007852287259103044,0.000565432501495134,0.6033320666825925
Butyryl-CoA,2.0016530629070823,1.518465076997635e-10,0.0025351670293675545,0.0012681454901321155,1.3666185692978715e-09
Succinate,1.3736393832602807,4.0236458827734716e-05,0.004397280865097705,0.003205023650301745,0.00036212812944961246
Lactate,0.807639038135492,0.38131424713990936,0.0005160074484553429,0.0006388299896699832,1.0
Butyrate,3.642798564770856,2.1265833773284058e-08,0.0006730531936374038,0.0001848529331811015,1.9139250395955653e-07
